https://www.leasebreak.com/short-term-rental-details/152923/92-east-208th-street,92 East 208th Street,"Norwood, Bronx","$1,925",12 MONTH MIN,Immediate,"Jun 24, 2020","BEDROOMS:
2","BATHROOMS:
1",Unfurnished Only,"['Renovated', 'Exceptional Light', 'Elevator', 'Pet Friendly']",Lease Break,Tenant/Renter ,,Rental building,Yes
https://www.leasebreak.com/short-term-rental-details/154421/4475-waldo-avenue,"4475 Waldo Avenue, TOWNHOUSE","Other Bronx, Bronx","$7,500",12 MONTH MIN,Immediate,"Jul 03, 2020","BEDROOMS:
3","BATHROOMS:
2.5",Unfurnished Only,"['Private Outdoor Space', 'Washer / Dryer', 'Walk-up']",Standard 12 Month Rental,Agent/Broker [Halstead],"Sanjya Tidke, (212) 381-XXXXClick to view",2500,
https://www.leasebreak.com/short-term-rental-details/138939/2701-williamsbridge-road,"2701 Williamsbridge Road, Entire Building","Other Bronx, Bronx","$7,000",12 MONTH MIN,Immediate,"Jul 03, 2020","BEDROOMS:
Entire Building","BATHROOMS:
N/A",Unfurnished Only,['Walk-up'],Standard 12 Month Rental,Agent/Broker [Douglas Elliman],"Lola Livingston, (917) 882-XXXXClick to view",,Townhouse/house
https://www.leasebreak.com/short-term-rental-details/127732/5268-sycamore-avenue,"5268 Sycamore Avenue, TOWNHOUSE","Riverdale, Bronx","$6,000",12 MONTH MIN,Immediate,"Jul 03, 2020","BEDROOMS:
Studio","BATHROOMS:
1",Unfurnished Only,"['Private Outdoor Space', 'Washer / Dryer', 'Walk-up']",Standard 12 Month Rental,Agent/Broker [Brown Harris Stevens],"Tobias B Schapiro, (212) 317-XXXXClick to view",,Coop
https://www.leasebreak.com/short-term-rental-details/153437/3816-waldo-avenue,"3816 Waldo Avenue, 7A","Riverdale, Bronx","$3,800",12 MONTH MIN,Immediate,"Jul 03, 2020","BEDROOMS:
3","BATHROOMS:
2",Unfurnished Only,"['Pet Friendly', 'Elevator']",Standard 12 Month Rental,Agent/Broker [Douglas Elliman],,Condo,Probably. Please confirm.
https://www.leasebreak.com/short-term-rental-details/152906/427-east-143rd-street,"427 East 143rd Street, 2","Mott Haven, Bronx","$3,500",12 MONTH MIN,Immediate,"Jul 03, 2020","BEDROOMS:
2","BATHROOMS:
2.5",Unfurnished Only,"['Washer / Dryer', 'Walk-up']",Standard 12 Month Rental,Agent/Broker [SPIRALNY],,Townhouse/house,Probably. Please confirm.
https://www.leasebreak.com/short-term-rental-details/129487/861-freeman-street,"861 Freeman Street, 2","Fordham, Bronx","$3,500",1 MONTH MIN,Immediate,"Aug 03, 2019","BEDROOMS:
5+","BATHROOMS:
1",Unfurnished Only,['Walk-up'],Short Term Rental,Agent/Broker [Compass],,Townhouse/house,Probably. Please confirm.
https://www.leasebreak.com/short-term-rental-details/149760/2505-3rd-avenue,"2505 3rd Avenue, PH-B","Other Bronx, Bronx","$3,400",12 MONTH MIN,Immediate,"Jul 03, 2020","BEDROOMS:
2","BATHROOMS:
2",Unfurnished Only,"['Private Outdoor Space', 'Pet Friendly', 'Walk-up']",Standard 12 Month Rental,Agent/Broker [Citi Habitats],,Condo,Probably. Please confirm.
https://www.leasebreak.com/short-term-rental-details/150619/526-east-148th-street,"526 East 148th Street, 2","Other Bronx, Bronx","$3,395",12 MONTH MIN,Immediate,"Jul 03, 2020","BEDROOMS:
3","BATHROOMS:
2",Unfurnished Only,"['Private Outdoor Space', 'Washer / Dryer', 'Pet Friendly', 'Walk-up']",Standard 12 Month Rental,Agent/Broker [Keller Williams NYC],,Townhouse/house,Probably. Please confirm.
https://www.leasebreak.com/short-term-rental-details/154029/329-east-132nd-street,"329 East 132nd Street, 7E-2","Other Bronx, Bronx","$3,295",13 MONTH MIN,Immediate,"Aug 02, 2020","BEDROOMS:
2","BATHROOMS:
2",Unfurnished Only,"['Doorman', 'Elevator', 'Gym', 'High-rise']",Standard 12 Month Rental,Agent/Broker [Citi Habitats],,Rental building,Probably. Please confirm.
https://www.leasebreak.com/short-term-rental-details/144150/210-outlook-avenue,"210 Outlook Avenue, 2","Other Bronx, Bronx","$3,200",12 MONTH MIN,Immediate,"Jul 03, 2020","BEDROOMS:
4","BATHROOMS:
2.5",Furnished Only,"['Private Outdoor Space', 'Washer / Dryer', 'Walk-up']",Standard 12 Month Rental,Agent/Broker [Compass],2000,,Townhouse/house
https://www.leasebreak.com/short-term-rental-details/112718/1983-seminole-avenue,"1983 Seminole Avenue, 2","Morris Park, Bronx","$3,199",12 MONTH MIN,Immediate,"Jul 02, 2020","BEDROOMS:
3","BATHROOMS:
2",Unfurnished Only,['Walk-up'],Standard 12 Month Rental,"Agent/Broker [Capital Realty NY, LLC]",1500,,Rental building
https://www.leasebreak.com/short-term-rental-details/149125/366-east-160th-street,"366 East 160th Street, 2","Other Bronx, Bronx","$3,195",12 MONTH MIN,Immediate,"Jul 03, 2020","BEDROOMS:
3","BATHROOMS:
2",Unfurnished Only,"['Washer / Dryer', 'Walk-up']",Standard 12 Month Rental,Agent/Broker [Blu Realty Group],,Townhouse/house,Probably. Please confirm.
https://www.leasebreak.com/short-term-rental-details/153929/329-east-132nd-street,"329 East 132nd Street, 11-E1","Other Bronx, Bronx","$3,184",13 MONTH MIN,Immediate,"Aug 02, 2020","BEDROOMS:
1","BATHROOMS:
1",Unfurnished Only,"['Doorman', 'Elevator', 'Gym', 'High-rise']",Standard 12 Month Rental,Agent/Broker [Citi Habitats],,Rental building,Probably. Please confirm.
https://www.leasebreak.com/short-term-rental-details/154165/2946-matthews-avenue,"2946 Matthews Avenue, BASEMENT","Wakefield, Bronx","$2,995",12 MONTH MIN,Immediate,"Jul 03, 2020","BEDROOMS:
3","BATHROOMS:
2",Unfurnished Only,['Walk-up'],Standard 12 Month Rental,Agent/Broker [Living New York],1000,,Rental building
https://www.leasebreak.com/short-term-rental-details/145271/3620-johnson-avenue,"3620 Johnson Avenue, 2","Riverdale, Bronx","$2,950",12 MONTH MIN,Immediate,"Jul 03, 2020","BEDROOMS:
3","BATHROOMS:
2",Unfurnished Only,"['Pet Friendly', 'Walk-up']",Standard 12 Month Rental,Agent/Broker [Halstead],"Michelle Kawka, (212) 928-XXXXClick to view",1100,
https://www.leasebreak.com/short-term-rental-details/126454/3220-fairfield-avenue,"3220 Fairfield Avenue, 5A","Riverdale, Bronx","$2,900",12 MONTH MIN,Immediate,"Jul 03, 2020","BEDROOMS:
2","BATHROOMS:
2",Unfurnished Only,"['Private Outdoor Space', 'Doorman', 'Elevator', 'Pet Friendly']",Standard 12 Month Rental,Agent/Broker [Douglas Elliman],1050,,Condo
https://www.leasebreak.com/short-term-rental-details/147294/329-east-132nd-street,"329 East 132nd Street, 6-D2","Other Bronx, Bronx","$2,861",14 MONTH MIN,Immediate,"Sep 02, 2020","BEDROOMS:
2","BATHROOMS:
1",Unfurnished Only,"['Doorman', 'Elevator', 'Gym', 'High-rise']",Standard 12 Month Rental,Agent/Broker [Citi Habitats],,Rental building,Probably. Please confirm.
https://www.leasebreak.com/short-term-rental-details/145675/2263-edsall-avenue,"2263 Edsall Avenue, 1","Other Bronx, Bronx","$2,800",12 MONTH MIN,Immediate,"Jul 03, 2020","BEDROOMS:
2","BATHROOMS:
1.5",Unfurnished Only,"['Private Outdoor Space', 'Walk-up']",Standard 12 Month Rental,Agent/Broker [Halstead],"Michelle Kawka, (212) 928-XXXXClick to view",1700,
https://www.leasebreak.com/short-term-rental-details/154036/329-east-132nd-street,"329 East 132nd Street, 7D-1","Other Bronx, Bronx","$2,786",12 MONTH MIN,Immediate,"Jul 03, 2020","BEDROOMS:
2","BATHROOMS:
1",Unfurnished Only,"['Doorman', 'Elevator', 'Gym', 'High-rise']",Standard 12 Month Rental,Agent/Broker [Citi Habitats],,Rental building,Probably. Please confirm.
https://www.leasebreak.com/short-term-rental-details/137259/439-west-263rd-street,"439 West 263rd Street, 1","Riverdale, Bronx","$2,750",12 MONTH MIN,Immediate,"Jul 03, 2020","BEDROOMS:
3","BATHROOMS:
1.5",Unfurnished Only,['Walk-up'],Standard 12 Month Rental,Agent/Broker [Halstead],"Michelle Kawka, (212) 928-XXXXClick to view",1500,
https://www.leasebreak.com/short-term-rental-details/86397/2330-hoffman-street,"2330 Hoffman Street, 6A","Belmont, Bronx","$2,650",12 MONTH MIN,Immediate,"Jul 03, 2020","BEDROOMS:
2","BATHROOMS:
1",Unfurnished Only,"['Elevator', 'Gym']",Standard 12 Month Rental,"Agent/Broker [LandSeAir Real Estate Group, Inc]",,Rental building,Probably. Please confirm.
https://www.leasebreak.com/short-term-rental-details/147897/888-grand-concourse,"888 Grand Concourse, 5-NM","Other Bronx, Bronx","$2,625",12 MONTH MIN,Immediate,"Jul 03, 2020","BEDROOMS:
2","BATHROOMS:
1",Unfurnished Only,"['Pet Friendly', 'Walk-up']",Standard 12 Month Rental,Agent/Broker [Citi Habitats],,Rental building,Probably. Please confirm.
https://www.leasebreak.com/short-term-rental-details/152995/2701-grand-concourse,"2701 Grand Concourse, 2-D","Kingsbridge, Bronx","$2,575",12 MONTH MIN,Immediate,"Jul 03, 2020","BEDROOMS:
3","BATHROOMS:
1",Unfurnished Only,"['Pet Friendly', 'Elevator']",Standard 12 Month Rental,Agent/Broker [Compass],,Rental building,Probably. Please confirm.
https://www.leasebreak.com/short-term-rental-details/136596/985-summit-avenue,"985 Summit Avenue, 4-B","Other Bronx, Bronx","$2,570",12 MONTH MIN,Immediate,"Jul 03, 2020","BEDROOMS:
2","BATHROOMS:
1",Unfurnished Only,"['Private Outdoor Space', 'Elevator', 'Pet Friendly', 'Gym']",Standard 12 Month Rental,Agent/Broker [Compass],,Rental building,Probably. Please confirm.
https://www.leasebreak.com/short-term-rental-details/150739/329-east-132nd-street,"329 East 132nd Street, 8B-1","Other Bronx, Bronx","$2,570",13 MONTH MIN,Immediate,"Aug 02, 2020","BEDROOMS:
1","BATHROOMS:
1",Unfurnished Only,"['Doorman', 'Elevator', 'Gym', 'High-rise']",Standard 12 Month Rental,Agent/Broker [Citi Habitats],,Rental building,Probably. Please confirm.
https://www.leasebreak.com/short-term-rental-details/151208/5545-netherland-avenue,"5545 Netherland Avenue, 2D","Riverdale, Bronx","$2,562",12 MONTH MIN,Immediate,"Jul 03, 2020","BEDROOMS:
2","BATHROOMS:
1",Unfurnished Only,"['Pet Friendly', 'Elevator']",Standard 12 Month Rental,Agent/Broker [Living New York],"Evan Osur, (917) 903-XXXXClick to view",,Rental building
https://www.leasebreak.com/short-term-rental-details/86382/2330-hoffman-street,"2330 Hoffman Street, 4G","Belmont, Bronx","$2,550",12 MONTH MIN,Immediate,"Jul 02, 2020","BEDROOMS:
2","BATHROOMS:
1",Unfurnished Only,"['Elevator', 'Gym']",Standard 12 Month Rental,"Agent/Broker [LandSeAir Real Estate Group, Inc]",,Rental building,Probably. Please confirm.
https://www.leasebreak.com/short-term-rental-details/149251/510-jackson-avenue,"510 Jackson Avenue, 2R","Mott Haven, Bronx","$2,540",12 MONTH MIN,Immediate,"Jul 03, 2020","BEDROOMS:
3","BATHROOMS:
1.5",Unfurnished Only,"['Washer / Dryer', 'Walk-up']",Standard 12 Month Rental,Agent/Broker [Bohemia Realty Group],,Rental building,Probably. Please confirm.
https://www.leasebreak.com/short-term-rental-details/149762/2505-3rd-avenue,"2505 3rd Avenue, 3-A","Other Bronx, Bronx","$2,500",12 MONTH MIN,Immediate,"Jul 03, 2020","BEDROOMS:
1","BATHROOMS:
1",Unfurnished Only,"['Pet Friendly', 'Walk-up']",Standard 12 Month Rental,Agent/Broker [Citi Habitats],,Condo,Probably. Please confirm.
https://www.leasebreak.com/short-term-rental-details/149763/2505-3rd-avenue,"2505 3rd Avenue, 2-A","Other Bronx, Bronx","$2,500",12 MONTH MIN,Immediate,"Jul 03, 2020","BEDROOMS:
Studio","BATHROOMS:
1",Unfurnished Only,"['Pet Friendly', 'Walk-up']",Standard 12 Month Rental,Agent/Broker [Citi Habitats],,Condo,Probably. Please confirm.
https://www.leasebreak.com/short-term-rental-details/149356/3606-boller-avenue,"3606 Boller Avenue, 1","Other Bronx, Bronx","$2,500",12 MONTH MIN,Immediate,"Jul 03, 2020","BEDROOMS:
3","BATHROOMS:
2",Unfurnished Only,"['Private Outdoor Space', 'Walk-up']",Standard 12 Month Rental,Agent/Broker [Corcoran Group],,Townhouse/house,Probably. Please confirm.
https://www.leasebreak.com/short-term-rental-details/145781/349-east-138th-street,"349 East 138th Street, 3A","Mott Haven, Bronx","$2,500",12 MONTH MIN,Immediate,"Jul 03, 2020","BEDROOMS:
3","BATHROOMS:
1",Unfurnished Only,"['Washer / Dryer', 'Walk-up']",Standard 12 Month Rental,Agent/Broker [Bohemia Realty Group],,Rental building,Probably. Please confirm.
https://www.leasebreak.com/short-term-rental-details/140696/1134-east-214th-street,"1134 East 214th Street, 1","Other Bronx, Bronx","$2,500",12 MONTH MIN,Immediate,"Jul 03, 2020","BEDROOMS:
3","BATHROOMS:
1.5",Unfurnished Only,['Walk-up'],Standard 12 Month Rental,Agent/Broker [[Castle Avenue] Rutenberg],,Townhouse/house,Probably. Please confirm.
https://www.leasebreak.com/short-term-rental-details/144802/3725-henry-hudson-parkway-west,"3725 Henry Hudson Parkway West, 12D","Riverdale, Bronx","$2,500",12 MONTH MIN,Immediate,"Jul 03, 2020","BEDROOMS:
2","BATHROOMS:
2",Unfurnished Only,"['Private Outdoor Space', 'Elevator']",Standard 12 Month Rental,Agent/Broker [Brown Harris Stevens],"Ann B. Schapiro, (212) 317-XXXXClick to view",,Coop
https://www.leasebreak.com/short-term-rental-details/153585/2011-gildersleeve-avenue,"2011 Gildersleeve Avenue, Entire Building","Other Bronx, Bronx","$2,500",12 MONTH MIN,Immediate,"Jul 03, 2020","BEDROOMS:
Entire Building","BATHROOMS:
N/A",Unfurnished Only,['Walk-up'],Standard 12 Month Rental,Agent/Broker [Citi Habitats],,Townhouse/house,Probably. Please confirm.
https://www.leasebreak.com/short-term-rental-details/137145/3600-irwin-avenue,"3600 Irwin Avenue, B","Kingsbridge, Bronx","$2,495",12 MONTH MIN,Immediate,"Jul 03, 2020","BEDROOMS:
2","BATHROOMS:
1",Unfurnished Only,"['Washer / Dryer', 'Walk-up']",Standard 12 Month Rental,Agent/Broker [Bohemia Realty Group],,Rental building,Probably. Please confirm.
https://www.leasebreak.com/short-term-rental-details/138344/1120-fox-street,"1120 Fox Street, 4C","Other Bronx, Bronx","$2,487",12 MONTH MIN,Immediate,"Jul 03, 2020","BEDROOMS:
3","BATHROOMS:
1",Unfurnished Only,"['Pet Friendly', 'Walk-up']",Standard 12 Month Rental,Agent/Broker [Bond New York],,Rental building,Probably. Please confirm.
https://www.leasebreak.com/short-term-rental-details/154419/1068-walton-avenue,"1068 Walton Avenue, 1","Other Bronx, Bronx","$2,450",12 MONTH MIN,Immediate,"Jul 03, 2020","BEDROOMS:
2","BATHROOMS:
1",Unfurnished Only,"['Pet Friendly', 'Walk-up']",Standard 12 Month Rental,Agent/Broker [Keller Williams NYC],,Condo,Probably. Please confirm.
https://www.leasebreak.com/short-term-rental-details/147295/329-east-132nd-street,"329 East 132nd Street, 8-C1","Other Bronx, Bronx","$2,446",14 MONTH MIN,Immediate,"Sep 02, 2020","BEDROOMS:
1","BATHROOMS:
1",Unfurnished Only,"['Doorman', 'Elevator', 'Gym', 'High-rise']",Standard 12 Month Rental,Agent/Broker [Citi Habitats],,Rental building,Probably. Please confirm.
https://www.leasebreak.com/short-term-rental-details/86386/2330-hoffman-street,"2330 Hoffman Street, 4K","Other Bronx, Bronx","$2,400",12 MONTH MIN,Immediate,"Jul 02, 2020","BEDROOMS:
2","BATHROOMS:
1",Unfurnished Only,"['Elevator', 'Gym']",Standard 12 Month Rental,"Agent/Broker [LandSeAir Real Estate Group, Inc]","Camilo Reyes, (914) 469-XXXXClick to view",,Rental building
https://www.leasebreak.com/short-term-rental-details/148818/349-east-193rd-street,"349 East 193rd Street, 9","Fordham, Bronx","$2,383",1 MONTH MIN,Immediate,"Aug 02, 2019","BEDROOMS:
4","BATHROOMS:
1",Unfurnished Only,"['Pet Friendly', 'Walk-up']",Standard 12 Month Rental,Agent/Broker [Compass],,Rental building,Probably. Please confirm.
https://www.leasebreak.com/short-term-rental-details/151442/329-east-132nd-street,"329 East 132nd Street, H-9","Other Bronx, Bronx","$2,330",13 MONTH MIN,Immediate,"Aug 02, 2020","BEDROOMS:
Studio","BATHROOMS:
1",Unfurnished Only,"['Private Outdoor Space', 'Doorman', 'Elevator', 'Gym', 'High-rise']",Standard 12 Month Rental,Agent/Broker [Citi Habitats],,Rental building,Probably. Please confirm.
https://www.leasebreak.com/short-term-rental-details/149761/2505-3rd-avenue,"2505 3rd Avenue, 3-C","Other Bronx, Bronx","$2,300",12 MONTH MIN,Immediate,"Jul 03, 2020","BEDROOMS:
Studio","BATHROOMS:
1",Unfurnished Only,"['Private Outdoor Space', 'Pet Friendly', 'Walk-up']",Standard 12 Month Rental,Agent/Broker [Citi Habitats],,Condo,Probably. Please confirm.
https://www.leasebreak.com/short-term-rental-details/151070/6035-broadway,"6035 Broadway, 1B","Riverdale, Bronx","$2,300",12 MONTH MIN,Immediate,"Jul 03, 2020","BEDROOMS:
2","BATHROOMS:
1",Unfurnished Only,"['Pet Friendly', 'Elevator']",Standard 12 Month Rental,Agent/Broker [Douglas Elliman],,Coop,Probably. Please confirm.
https://www.leasebreak.com/short-term-rental-details/143475/1354-findlay-avenue,"1354 Findlay Avenue, 1-F","Concourse, Bronx","$2,300",12 MONTH MIN,Immediate,"Jul 03, 2020","BEDROOMS:
3","BATHROOMS:
1",Unfurnished Only,['Walk-up'],Standard 12 Month Rental,Agent/Broker [Compass],,Townhouse/house,Probably. Please confirm.
https://www.leasebreak.com/short-term-rental-details/147398/5432-valles-avenue,"5432 Valles Avenue, 2","Riverdale, Bronx","$2,300",12 MONTH MIN,Immediate,"Jul 03, 2020","BEDROOMS:
3","BATHROOMS:
1",Unfurnished Only,['Walk-up'],Standard 12 Month Rental,Agent/Broker [Douglas Elliman],"Yanbing Li, (917) 971-XXXXClick to view",,Condop
https://www.leasebreak.com/short-term-rental-details/139745/431-zerega-avenue,"431 Zerega Avenue, B","Castle Hill, Bronx","$2,300",12 MONTH MIN,Immediate,"Jul 03, 2020","BEDROOMS:
3","BATHROOMS:
2",Unfurnished Only,"['Private Outdoor Space', 'Washer / Dryer', 'Walk-up']",Standard 12 Month Rental,Agent/Broker [Compass],2772,,Townhouse/house
https://www.leasebreak.com/short-term-rental-details/136508/985-summit-avenue,"985 Summit Avenue, 5-A","Other Bronx, Bronx","$2,295",12 MONTH MIN,Immediate,"Jul 03, 2020","BEDROOMS:
2","BATHROOMS:
1",Unfurnished Only,"['Private Outdoor Space', 'Elevator', 'Pet Friendly', 'Gym']",Standard 12 Month Rental,Agent/Broker [Compass],,Rental building,Probably. Please confirm.
https://www.leasebreak.com/short-term-rental-details/147774/329-east-132nd-street,"329 East 132nd Street, 8H-1","Other Bronx, Bronx","$2,295",13 MONTH MIN,Immediate,"Aug 02, 2020","BEDROOMS:
1","BATHROOMS:
1",Unfurnished Only,"['Doorman', 'Elevator', 'Gym', 'High-rise']",Standard 12 Month Rental,Agent/Broker [Citi Habitats],,Rental building,Probably. Please confirm.
https://www.leasebreak.com/short-term-rental-details/153632/329-east-132nd-street,"329 East 132nd Street, B-5","Other Bronx, Bronx","$2,282",13 MONTH MIN,Immediate,"Aug 02, 2020","BEDROOMS:
1","BATHROOMS:
1",Unfurnished Only,"['Doorman', 'Elevator', 'Gym', 'High-rise']",Standard 12 Month Rental,Agent/Broker [Citi Habitats],,Rental building,Probably. Please confirm.
https://www.leasebreak.com/short-term-rental-details/152611/794-freeman-street,"794 Freeman Street, 3","Fordham, Bronx","$2,250",12 MONTH MIN,Immediate,"Jul 03, 2020","BEDROOMS:
3","BATHROOMS:
1",Unfurnished Only,['Walk-up'],Standard 12 Month Rental,Agent/Broker [Compass],3000,,Townhouse/house
https://www.leasebreak.com/short-term-rental-details/153316/3971-gouverneur-avenue,"3971 Gouverneur Avenue, 5B","Kingsbridge, Bronx","$2,245",12 MONTH MIN,Immediate,"Jul 03, 2020","BEDROOMS:
2","BATHROOMS:
1",Unfurnished Only,"['Washer / Dryer', 'Elevator']",Standard 12 Month Rental,Agent/Broker [Bohemia Realty Group],,Rental building,Probably. Please confirm.
https://www.leasebreak.com/short-term-rental-details/127249/4901-henry-hudson-parkway,"4901 Henry Hudson Parkway, STB","Riverdale, Bronx","$2,200",12 MONTH MIN,Immediate,"Jul 03, 2020","BEDROOMS:
1","BATHROOMS:
1",Unfurnished Only,"['Private Outdoor Space', 'Pet Friendly', 'Elevator', 'High-rise']",Standard 12 Month Rental,Agent/Broker [Douglas Elliman],750,,Coop
https://www.leasebreak.com/short-term-rental-details/150826/892-east-167th-street,"892 East 167th Street, 3","Other Bronx, Bronx","$2,200",12 MONTH MIN,Immediate,"Jul 03, 2020","BEDROOMS:
2","BATHROOMS:
2",Unfurnished Only,['Walk-up'],Standard 12 Month Rental,Agent/Broker [Corcoran Group],"Cesar Negron, (212) 444-XXXXClick to view",,Townhouse/house
https://www.leasebreak.com/short-term-rental-details/149830/427-east-143rd-street,"427 East 143rd Street, 1","Mott Haven, Bronx","$2,200",12 MONTH MIN,Immediate,"Jul 03, 2020","BEDROOMS:
1","BATHROOMS:
1",Unfurnished Only,"['Private Outdoor Space', 'Walk-up']",Standard 12 Month Rental,Agent/Broker [SPIRALNY],,Townhouse/house,Probably. Please confirm.
https://www.leasebreak.com/short-term-rental-details/151465/459-east-135th-street,"459 East 135th Street, 1A","Mott Haven, Bronx","$2,200",12 MONTH MIN,Immediate,"Jul 03, 2020","BEDROOMS:
2","BATHROOMS:
1",Unfurnished Only,"['Washer / Dryer', 'Walk-up']",Standard 12 Month Rental,Agent/Broker [Bohemia Realty Group],,Rental building,Probably. Please confirm.
https://www.leasebreak.com/short-term-rental-details/153289/418-east-153rd-street,"418 East 153rd Street, 3-A","Other Bronx, Bronx","$2,200",12 MONTH MIN,Immediate,"Jul 03, 2020","BEDROOMS:
1","BATHROOMS:
1",Unfurnished Only,"['Pet Friendly', 'Walk-up']",Standard 12 Month Rental,Agent/Broker [Citi Habitats],"Yair Mapari, (718) 406-XXXXClick to view",,Rental building
https://www.leasebreak.com/short-term-rental-details/145695/3971-gouverneur-avenue,"3971 Gouverneur Avenue, 3I","Kingsbridge, Bronx","$2,186",12 MONTH MIN,Immediate,"Jul 03, 2020","BEDROOMS:
2","BATHROOMS:
1",Unfurnished Only,"['Washer / Dryer', 'Elevator']",Standard 12 Month Rental,Agent/Broker [Bohemia Realty Group],,Rental building,Probably. Please confirm.
https://www.leasebreak.com/short-term-rental-details/145598/1049-kelly-street,"1049 Kelly Street, 6","Other Bronx, Bronx","$2,150",12 MONTH MIN,Immediate,"Jul 03, 2020","BEDROOMS:
3","BATHROOMS:
1",Unfurnished Only,['Walk-up'],Short Term Rental,Agent/Broker [Compass],"Levy Tewel, (347) 669-XXXXClick to view",,Townhouse/house
https://www.leasebreak.com/short-term-rental-details/139519/2287-johnson-avenue,"2287 Johnson Avenue, 10-E","Riverdale, Bronx","$2,150",12 MONTH MIN,Immediate,"Jul 03, 2020","BEDROOMS:
1","BATHROOMS:
1",Unfurnished Only,"['Doorman', 'Elevator', 'Pet Friendly', 'Gym']",Standard 12 Month Rental,Agent/Broker [Compass],"Rafael Barbosa, (917) 435-XXXXClick to view",780,
https://www.leasebreak.com/short-term-rental-details/154812/500-kappock-street,"500 Kappock Street, 2K","Riverdale, Bronx","$2,100",12 MONTH MIN,Immediate,"Jul 03, 2020","BEDROOMS:
1","BATHROOMS:
1",Unfurnished Only,['Elevator'],Standard 12 Month Rental,Agent/Broker [Douglas Elliman],,Condop,Probably. Please confirm.
https://www.leasebreak.com/short-term-rental-details/150932/329-east-132nd-street,"329 East 132nd Street, PH-K","Other Bronx, Bronx","$2,056",13 MONTH MIN,Immediate,"Aug 02, 2020","BEDROOMS:
Studio","BATHROOMS:
1",Unfurnished Only,"['Doorman', 'Elevator', 'Pet Friendly', 'Gym', 'High-rise']",Standard 12 Month Rental,Agent/Broker [Citi Habitats],,Rental building,Probably. Please confirm.
https://www.leasebreak.com/short-term-rental-details/152612/364-huntington-avenue,"364 Huntington Avenue, 2","Other Bronx, Bronx","$2,000",12 MONTH MIN,Immediate,"Jul 03, 2020","BEDROOMS:
2","BATHROOMS:
1",Unfurnished Only,['Walk-up'],Standard 12 Month Rental,Agent/Broker [Compass],,Townhouse/house,Probably. Please confirm.
https://www.leasebreak.com/short-term-rental-details/143718/454-east-138th-street,"454 East 138th Street, 1A-GARDEN","Mott Haven, Bronx","$2,000",12 MONTH MIN,Immediate,"Jul 03, 2020","BEDROOMS:
2","BATHROOMS:
2",Unfurnished Only,['Walk-up'],Standard 12 Month Rental,Agent/Broker [Bohemia Realty Group],,Rental building,Probably. Please confirm.
https://www.leasebreak.com/short-term-rental-details/141184/5800-arlington-avenue,"5800 Arlington Avenue, 15M","Riverdale, Bronx","$2,000",12 MONTH MIN,Immediate,"Jul 03, 2020","BEDROOMS:
Studio","BATHROOMS:
1",Unfurnished Only,"['Private Outdoor Space', 'Doorman', 'Elevator', 'Pet Friendly', 'High-rise']",Standard 12 Month Rental,Agent/Broker [Douglas Elliman],,Coop,Probably. Please confirm.
https://www.leasebreak.com/short-term-rental-details/148615/534-east-148th-street,"534 East 148th Street, 1","Other Bronx, Bronx","$2,000",12 MONTH MIN,Immediate,"Jul 03, 2020","BEDROOMS:
2","BATHROOMS:
1",Unfurnished Only,['Walk-up'],Standard 12 Month Rental,Agent/Broker [Douglas Elliman],,Condop,Probably. Please confirm.
https://www.leasebreak.com/short-term-rental-details/141966/387-east-152nd-street,"387 East 152nd Street, 3","Other Bronx, Bronx","$2,000",12 MONTH MIN,Immediate,"Jul 03, 2020","BEDROOMS:
2","BATHROOMS:
1",Unfurnished Only,"['Private Outdoor Space', 'Pet Friendly', 'Walk-up']",Standard 12 Month Rental,Agent/Broker [Citi Habitats],,Rental building,Probably. Please confirm.
https://www.leasebreak.com/short-term-rental-details/145610/726-courtlandt-avenue,"726 Courtlandt Avenue, 3R","Other Bronx, Bronx","$1,975",12 MONTH MIN,Immediate,"Jul 03, 2020","BEDROOMS:
2","BATHROOMS:
1",Unfurnished Only,"['Private Outdoor Space', 'Washer / Dryer', 'Pet Friendly', 'Gym', 'Walk-up']",Standard 12 Month Rental,Agent/Broker [Keller Williams NYC],,Rental building,Probably. Please confirm.
https://www.leasebreak.com/short-term-rental-details/141292/500-kappock-street,"500 Kappock Street, 3F","Riverdale, Bronx","$1,975",12 MONTH MIN,Immediate,"Jul 03, 2020","BEDROOMS:
1","BATHROOMS:
1",Unfurnished Only,['Elevator'],Standard 12 Month Rental,Agent/Broker [Douglas Elliman],,Condop,Probably. Please confirm.
https://www.leasebreak.com/short-term-rental-details/137349/461-east-143rd-street,"461 East 143rd Street, 1-A","Mott Haven, Bronx","$1,950",12 MONTH MIN,Immediate,"Jul 03, 2020","BEDROOMS:
1","BATHROOMS:
1",Unfurnished Only,"['Private Outdoor Space', 'Washer / Dryer', 'Walk-up']",Standard 12 Month Rental,Agent/Broker [SPIRALNY],,Townhouse/house,Probably. Please confirm.
https://www.leasebreak.com/short-term-rental-details/151445/901-woodycrest-avenue,"901 Woodycrest Avenue, B4","Highbridge, Bronx","$1,950",12 MONTH MIN,Immediate,"Jul 03, 2020","BEDROOMS:
2","BATHROOMS:
1",Unfurnished Only,['Walk-up'],Standard 12 Month Rental,Agent/Broker [Bohemia Realty Group],,Rental building,Probably. Please confirm.
https://www.leasebreak.com/short-term-rental-details/151447/901-woodycrest-avenue,"901 Woodycrest Avenue, B5","Highbridge, Bronx","$1,950",12 MONTH MIN,Immediate,"Jul 03, 2020","BEDROOMS:
2","BATHROOMS:
1",Unfurnished Only,['Walk-up'],Standard 12 Month Rental,Agent/Broker [Bohemia Realty Group],,Rental building,Probably. Please confirm.
https://www.leasebreak.com/short-term-rental-details/150556/3240-riverdale-avenue,"3240 Riverdale Avenue, 6G","Riverdale, Bronx","$1,900",12 MONTH MIN,Immediate,"Jul 03, 2020","BEDROOMS:
1","BATHROOMS:
1",Furnished Only,"['Pet Friendly', 'Elevator']",Standard 12 Month Rental,Agent/Broker [Bizzarro Agency],,Coop,Probably. Please confirm.
https://www.leasebreak.com/short-term-rental-details/132803/811-walton-avenue,"811 Walton Avenue, C-17","Mott Haven, Bronx","$1,900",12 MONTH MIN,Immediate,"Jul 03, 2020","BEDROOMS:
1","BATHROOMS:
1",Any,"['Doorman', 'Elevator', 'Gym']",Standard 12 Month Rental,Agent/Broker [Rutenberg],,Coop,Probably. Please confirm.
https://www.leasebreak.com/short-term-rental-details/152787/909-sheridan-avenue,"909 Sheridan Avenue, 4-G","Other Bronx, Bronx","$1,886",12 MONTH MIN,Immediate,"Jul 03, 2020","BEDROOMS:
1","BATHROOMS:
1",Unfurnished Only,"['Pet Friendly', 'Elevator']",Standard 12 Month Rental,Agent/Broker [Citi Habitats],"Edgar Alcantara, (212) 957-XXXXClick to view",,Rental building
https://www.leasebreak.com/short-term-rental-details/127141/3120-30-kingsbridge-avenue,"3120-30 Kingsbridge Avenue, 4B","Kingsbridge, Bronx","$1,875",12 MONTH MIN,Immediate,"Jul 03, 2020","BEDROOMS:
2","BATHROOMS:
1",Unfurnished Only,"['Pet Friendly', 'Walk-up']",Standard 12 Month Rental,Agent/Broker [Douglas Elliman],1200,,Condop
https://www.leasebreak.com/short-term-rental-details/147896/888-grand-concourse,"888 Grand Concourse, 4-MN","Other Bronx, Bronx","$1,875",12 MONTH MIN,Immediate,"Jul 03, 2020","BEDROOMS:
Studio","BATHROOMS:
1",Unfurnished Only,['Walk-up'],Standard 12 Month Rental,Agent/Broker [Citi Habitats],,Rental building,Probably. Please confirm.
https://www.leasebreak.com/short-term-rental-details/137158/3935-blackstone-avenue,"3935 Blackstone Avenue, 1E","Riverdale, Bronx","$1,875",12 MONTH MIN,Immediate,"Jul 04, 2020","BEDROOMS:
1","BATHROOMS:
1",Unfurnished Only,"['Doorman', 'Elevator', 'Pet Friendly']",Standard 12 Month Rental,Agent/Broker [Halstead],750,,Coop
https://www.leasebreak.com/short-term-rental-details/148600/1555-grand-concourse,"1555 Grand Concourse, 4O","Other Bronx, Bronx","$1,825",12 MONTH MIN,Immediate,"Jul 03, 2020","BEDROOMS:
2","BATHROOMS:
1",Unfurnished Only,"['Pet Friendly', 'Elevator', 'High-rise']",Standard 12 Month Rental,Agent/Broker [Corcoran Group],"Ivan Mijalkovic, (718) 422-XXXXClick to view",,Rental building
https://www.leasebreak.com/short-term-rental-details/152845/2910-radcliff-avenue,"2910 Radcliff Avenue, 2","Other Bronx, Bronx","$1,800",12 MONTH MIN,Immediate,"Jul 03, 2020","BEDROOMS:
2","BATHROOMS:
1",Unfurnished Only,['Walk-up'],Standard 12 Month Rental,Agent/Broker [Keller Williams NYC],,Rental building,Probably. Please confirm.
https://www.leasebreak.com/short-term-rental-details/143464/1514-sedgwick-avenue,"1514 Sedgwick Avenue, 7-B","Other Bronx, Bronx","$1,800",12 MONTH MIN,Immediate,"Jul 03, 2020","BEDROOMS:
2","BATHROOMS:
2",Unfurnished Only,"['Private Outdoor Space', 'Elevator']",Standard 12 Month Rental,Agent/Broker [Compass],,Rental building,Probably. Please confirm.
https://www.leasebreak.com/short-term-rental-details/119656/4459-richardson-avenue,"4459 Richardson Avenue, 1B","Other Bronx, Bronx","$1,800",12.5 MONTH MIN,Immediate,"Jul 12, 2020","BEDROOMS:
2","BATHROOMS:
1",Unfurnished Only,"['Renovated', 'Exceptional Light', 'Pet Friendly']",Standard 12 Month Rental,Agent/Broker [BruMa Realty LLC],Rental building,Yes,The poster of this listing is NOT charging a brokerage fee.
https://www.leasebreak.com/short-term-rental-details/153746/660-east-242nd-street,"660 East 242nd Street, 5A","Wakefield, Bronx","$1,800",12 MONTH MIN,Immediate,"Jul 03, 2020","BEDROOMS:
2","BATHROOMS:
1",Unfurnished Only,"['Elevator', 'Doorman']",Standard 12 Month Rental,Agent/Broker [Douglas Elliman],,Condop,Probably. Please confirm.
https://www.leasebreak.com/short-term-rental-details/119876/5425-valles-avenue,"5425 Valles Avenue, S-1C","Riverdale, Bronx","$1,799",12 MONTH MIN,Immediate,"Jul 02, 2020","BEDROOMS:
1","BATHROOMS:
1",Unfurnished Only,['Elevator'],Standard 12 Month Rental,Agent/Broker [Compass],,Coop,Probably. Please confirm.
https://www.leasebreak.com/short-term-rental-details/153894/1062-clay-avenue,"1062 Clay Avenue, 2-A","Concourse, Bronx","$1,750",12 MONTH MIN,"Jul 19, 2019","Jul 18, 2020","BEDROOMS:
1","BATHROOMS:
1",Unfurnished Only,['Walk-up'],Standard 12 Month Rental,Agent/Broker [Compass],"Jason Christie, (347) 703-XXXXClick to view",550,
https://www.leasebreak.com/short-term-rental-details/152892/952-aldus-street,"952 Aldus Street, 4-A","Other Bronx, Bronx","$1,750",12 MONTH MIN,Immediate,"Jul 03, 2020","BEDROOMS:
2","BATHROOMS:
1",Unfurnished Only,"['Pet Friendly', 'Walk-up']",Standard 12 Month Rental,Agent/Broker [Citi Habitats],"Amaleen D. Gonzalez, (212) 957-XXXXClick to view",,Rental building
https://www.leasebreak.com/short-term-rental-details/149063/1692-grand-concourse,"1692 Grand Concourse, 4-B","Other Bronx, Bronx","$1,750",12 MONTH MIN,Immediate,"Jul 03, 2020","BEDROOMS:
2","BATHROOMS:
1",Unfurnished Only,"['Pet Friendly', 'Walk-up']",Standard 12 Month Rental,Agent/Broker [Citi Habitats],,Rental building,Probably. Please confirm.
https://www.leasebreak.com/short-term-rental-details/147324/1692-grand-concourse,"1692 Grand Concourse, 3-B","Other Bronx, Bronx","$1,750",12 MONTH MIN,Immediate,"Jul 03, 2020","BEDROOMS:
2","BATHROOMS:
1",Unfurnished Only,['Walk-up'],Standard 12 Month Rental,Agent/Broker [Citi Habitats],"Amaleen D. Gonzalez, (212) 957-XXXXClick to view",,Rental building
https://www.leasebreak.com/short-term-rental-details/135651/3235-cambridge-avenue,"3235 Cambridge Avenue, 4-K","Riverdale, Bronx","$1,700",12 MONTH MIN,Immediate,"Jul 03, 2020","BEDROOMS:
1","BATHROOMS:
1",Unfurnished Only,['Elevator'],Standard 12 Month Rental,"Agent/Broker [Robert E. Hill, Inc.]",700,,Coop
https://www.leasebreak.com/short-term-rental-details/139527/910-grand-concourse,"910 Grand Concourse, 3-H","Concourse, Bronx","$1,690",12 MONTH MIN,Immediate,"Jul 03, 2020","BEDROOMS:
Studio","BATHROOMS:
1",Unfurnished Only,"['Pet Friendly', 'Walk-up']",Standard 12 Month Rental,Agent/Broker [Engel & Volkers NYC],,Rental building,Probably. Please confirm.
https://www.leasebreak.com/short-term-rental-details/147084/500-kappock-street,"500 Kappock Street, 4A","Riverdale, Bronx","$1,675",12 MONTH MIN,Immediate,"Jul 03, 2020","BEDROOMS:
1","BATHROOMS:
1",Unfurnished Only,['Elevator'],Standard 12 Month Rental,Agent/Broker [Douglas Elliman],550,,Condop
https://www.leasebreak.com/short-term-rental-details/139559/2062-morris-avenue,"2062 Morris Avenue, 2R","Other Bronx, Bronx","$1,650",12 MONTH MIN,Immediate,"Jul 03, 2020","BEDROOMS:
1","BATHROOMS:
1",Unfurnished Only,['Walk-up'],Standard 12 Month Rental,Agent/Broker [Bond New York],"Lucas Dallavalle, (973) 851-XXXXClick to view",,Townhouse/house
https://www.leasebreak.com/short-term-rental-details/152621/1454-walton-avenue,"1454 Walton Avenue, 4A","Mount Hope, Bronx","$1,650",12 MONTH MIN,Immediate,"Jul 03, 2020","BEDROOMS:
1","BATHROOMS:
1",Unfurnished Only,['Elevator'],Lease Break,Agent/Broker [Spire],Rental building,Yes,The poster of this listing is charging a brokerage fee.
https://www.leasebreak.com/short-term-rental-details/152384/200-west-kingsbridge-road,"200 West Kingsbridge Road, 1L","University Heights, Bronx","$1,650",12 MONTH MIN,Immediate,"Jul 03, 2020","BEDROOMS:
1","BATHROOMS:
1",Unfurnished Only,['Elevator'],Standard 12 Month Rental,Agent/Broker [Corcoran Group],"Ivan Mijalkovic, (718) 422-XXXXClick to view",,Rental building
https://www.leasebreak.com/short-term-rental-details/148820/2081-wallace-avenue,"2081 Wallace Avenue, 672","Belmont, Bronx","$1,650",1 MONTH MIN,Immediate,"Aug 02, 2019","BEDROOMS:
1","BATHROOMS:
1",Unfurnished Only,"['Pet Friendly', 'Elevator']",Short Term Rental,Agent/Broker [Compass],900,,Coop
https://www.leasebreak.com/short-term-rental-details/154224/594-union-avenue,"594 Union Avenue, 5E","Mott Haven, Bronx","$1,650",12 MONTH MIN,Immediate,"Jul 03, 2020","BEDROOMS:
1","BATHROOMS:
1",Unfurnished Only,['Walk-up'],Standard 12 Month Rental,Agent/Broker [Bohemia Realty Group],,Rental building,Probably. Please confirm.
https://www.leasebreak.com/short-term-rental-details/146038/2081-wallace-avenue,"2081 Wallace Avenue, 163","Belmont, Bronx","$1,650",1 MONTH MIN,Immediate,"Aug 02, 2019","BEDROOMS:
1","BATHROOMS:
1",Unfurnished Only,['Elevator'],Short Term Rental,Agent/Broker [Compass],,Coop,Probably. Please confirm.
https://www.leasebreak.com/short-term-rental-details/154513/6255-broadway,"6255 Broadway, 4-E","Other Bronx, Bronx","$1,650",12 MONTH MIN,Immediate,"Jul 03, 2020","BEDROOMS:
1","BATHROOMS:
1",Unfurnished Only,['Elevator'],Standard 12 Month Rental,Agent/Broker [Compass],,Rental building,Probably. Please confirm.
https://www.leasebreak.com/short-term-rental-details/151444/344-east-148th-street,"344 East 148th Street, 1A","Other Bronx, Bronx","$1,650",12 MONTH MIN,Immediate,"Jul 03, 2020","BEDROOMS:
1","BATHROOMS:
1",Unfurnished Only,['Walk-up'],Standard 12 Month Rental,Agent/Broker [Bohemia Realty Group],,Rental building,Probably. Please confirm.
https://www.leasebreak.com/short-term-rental-details/153450/837-washington-avenue,837 Washington Avenue,"Other Bronx, Bronx","$1,645",5 MONTH MIN,"Aug 01, 2019","Dec 31, 2019","BEDROOMS:
1","BATHROOMS:
1",Unfurnished Only,"['Private Outdoor Space', 'Doorman', 'Elevator', 'Gym']",Lease Assignment,Tenant/Renter ,,Condo,Yes
https://www.leasebreak.com/short-term-rental-details/137283/985-summit-avenue,"985 Summit Avenue, 1-A","Other Bronx, Bronx","$1,625",12 MONTH MIN,Immediate,"Jul 03, 2020","BEDROOMS:
Studio","BATHROOMS:
1",Unfurnished Only,"['Private Outdoor Space', 'Elevator', 'Pet Friendly', 'Gym']",Standard 12 Month Rental,Agent/Broker [Compass],,Rental building,Probably. Please confirm.
https://www.leasebreak.com/short-term-rental-details/147272/3119-bailey-avenue,"3119 Bailey Avenue, 6-G","Kingsbridge, Bronx","$1,600",12 MONTH MIN,Immediate,"Jul 03, 2020","BEDROOMS:
1","BATHROOMS:
1",Unfurnished Only,['Walk-up'],Standard 12 Month Rental,Agent/Broker [Compass],700,,Coop
https://www.leasebreak.com/short-term-rental-details/142213/1175-fulton-avenue,"1175 Fulton Avenue, 4-C","Other Bronx, Bronx","$1,600",12 MONTH MIN,Immediate,"Jul 03, 2020","BEDROOMS:
1","BATHROOMS:
1",Unfurnished Only,['Walk-up'],Standard 12 Month Rental,Agent/Broker [Citi Habitats],,Rental building,Probably. Please confirm.
https://www.leasebreak.com/short-term-rental-details/135136/1692-grand-concourse,"1692 Grand Concourse, 4-E","Other Bronx, Bronx","$1,600",12 MONTH MIN,Immediate,"Jul 03, 2020","BEDROOMS:
1","BATHROOMS:
1",Unfurnished Only,['Walk-up'],Standard 12 Month Rental,Agent/Broker [Citi Habitats],"Amaleen D. Gonzalez, (212) 957-XXXXClick to view","Lewis Rivera, (212) 957-XXXXClick to view",
https://www.leasebreak.com/short-term-rental-details/154813/500-kappock-street,"500 Kappock Street, 6J","Riverdale, Bronx","$1,595",12 MONTH MIN,Immediate,"Jul 03, 2020","BEDROOMS:
Studio","BATHROOMS:
1",Unfurnished Only,['Elevator'],Standard 12 Month Rental,Agent/Broker [Douglas Elliman],,Condop,Probably. Please confirm.
https://www.leasebreak.com/short-term-rental-details/155132/679-waring-avenue,"679 Waring Avenue, 5-A","Pelham Parkway, Bronx","$1,575",12 MONTH MIN,Immediate,"Jul 03, 2020","BEDROOMS:
1","BATHROOMS:
1",Unfurnished Only,"['Pet Friendly', 'Elevator']",Standard 12 Month Rental,Agent/Broker [Compass],,Rental building,Probably. Please confirm.
https://www.leasebreak.com/short-term-rental-details/153392/1515-metropolitan-avenue,"1515 Metropolitan Avenue, 1D","Other Bronx, Bronx","$1,550",12 MONTH MIN,Immediate,"Jul 03, 2020","BEDROOMS:
1","BATHROOMS:
1",Unfurnished Only,['Elevator'],Standard 12 Month Rental,Agent/Broker [Keller Williams NYC],,Condo,Probably. Please confirm.
https://www.leasebreak.com/short-term-rental-details/148075/1715-walton-avenue,"1715 Walton Avenue, 3E","Other Bronx, Bronx","$1,550",12 MONTH MIN,Immediate,"Jul 03, 2020","BEDROOMS:
1","BATHROOMS:
1",Unfurnished Only,"['Pet Friendly', 'Walk-up']",Standard 12 Month Rental,Agent/Broker [Corcoran Group],"Ivan Mijalkovic, (718) 422-XXXXClick to view",,Rental building
https://www.leasebreak.com/short-term-rental-details/147146/317-east-150th-street,"317 East 150th Street, 1-A","Other Bronx, Bronx","$1,550",12 MONTH MIN,Immediate,"Jul 03, 2020","BEDROOMS:
1","BATHROOMS:
1",Unfurnished Only,"['Pet Friendly', 'Walk-up']",Standard 12 Month Rental,Agent/Broker [Compass],,Rental building,Probably. Please confirm.
https://www.leasebreak.com/short-term-rental-details/126950/3120-30-kingsbridge-avenue,"3120-30 Kingsbridge Avenue, 4D","Kingsbridge, Bronx","$1,550",12 MONTH MIN,Immediate,"Jul 03, 2020","BEDROOMS:
1","BATHROOMS:
1",Unfurnished Only,"['Pet Friendly', 'Walk-up']",Standard 12 Month Rental,Agent/Broker [Douglas Elliman],800,,Condop
https://www.leasebreak.com/short-term-rental-details/147326/1692-grand-concourse,"1692 Grand Concourse, 3-D","Other Bronx, Bronx","$1,525",12 MONTH MIN,Immediate,"Jul 03, 2020","BEDROOMS:
1","BATHROOMS:
1",Unfurnished Only,"['Pet Friendly', 'Walk-up']",Standard 12 Month Rental,Agent/Broker [Citi Habitats],"Amaleen D. Gonzalez, (212) 957-XXXXClick to view",,Rental building
https://www.leasebreak.com/short-term-rental-details/153654/3351-barker-avenue,"3351 Barker Avenue, 1","Other Bronx, Bronx","$1,500",12 MONTH MIN,Immediate,"Jul 03, 2020","BEDROOMS:
1","BATHROOMS:
1",Unfurnished Only,['Walk-up'],Standard 12 Month Rental,Agent/Broker [Level Group],,Rental building,Probably. Please confirm.
https://www.leasebreak.com/short-term-rental-details/121410/1772-east-172nd-street,"1772 East 172nd Street, 5-G","Other Bronx, Bronx","$1,500",12 MONTH MIN,Immediate,"Jul 02, 2020","BEDROOMS:
1","BATHROOMS:
1",Unfurnished Only,"['Pet Friendly', 'Walk-up']",Standard 12 Month Rental,Agent/Broker [Corcoran Group],"Ivan Mijalkovic, (718) 422-XXXXClick to view",,Rental building
https://www.leasebreak.com/short-term-rental-details/148555/2695-briggs-avenue,"2695 Briggs Avenue, E4","Other Bronx, Bronx","$1,500",12 MONTH MIN,Immediate,"Jul 03, 2020","BEDROOMS:
1","BATHROOMS:
1",Unfurnished Only,"['Pet Friendly', 'Elevator', 'High-rise']",Standard 12 Month Rental,Agent/Broker [Corcoran Group],"Ivan Mijalkovic, (718) 422-XXXXClick to view",,Rental building
https://www.leasebreak.com/short-term-rental-details/143550/1514-sedgwick-avenue,"1514 Sedgwick Avenue, 7-A","Other Bronx, Bronx","$1,500",12 MONTH MIN,Immediate,"Jul 03, 2020","BEDROOMS:
1","BATHROOMS:
1",Unfurnished Only,"['Private Outdoor Space', 'Elevator']",Standard 12 Month Rental,Agent/Broker [Compass],,Rental building,Probably. Please confirm.
https://www.leasebreak.com/short-term-rental-details/130276/2442-morris-avenue,"2442 Morris Avenue, 2","Other Bronx, Bronx","$1,500",1 MONTH MIN,Immediate,"Aug 03, 2019","BEDROOMS:
1","BATHROOMS:
1",Unfurnished Only,['Walk-up'],Standard 12 Month Rental,Agent/Broker [Corcoran Group],"Ivan Mijalkovic, (718) 422-XXXXClick to view",,Rental building
https://www.leasebreak.com/short-term-rental-details/153141/3716-pratt-avenue,"3716 Pratt Avenue, 1","Other Bronx, Bronx","$1,495",12 MONTH MIN,Immediate,"Jul 03, 2020","BEDROOMS:
Studio","BATHROOMS:
1",Unfurnished Only,['Walk-up'],Standard 12 Month Rental,Agent/Broker [Corcoran Group],"Erin Beth Larkin, (917) 435-XXXXClick to view",,Townhouse/house
https://www.leasebreak.com/short-term-rental-details/155007/6645-broadway,"6645 Broadway, 7-B","Riverdale, Bronx","$1,475",1 MONTH MIN,Immediate,"Aug 03, 2019","BEDROOMS:
Studio","BATHROOMS:
1",Unfurnished Only,['Walk-up'],Short Term Rental,Agent/Broker [Compass],,Coop,Probably. Please confirm.
https://www.leasebreak.com/short-term-rental-details/151945/65-east-175th-street,"65 East 175th Street, 1A","Other Bronx, Bronx","$1,450",12 MONTH MIN,Immediate,"Jul 03, 2020","BEDROOMS:
Studio","BATHROOMS:
1",Unfurnished Only,['Walk-up'],Standard 12 Month Rental,Agent/Broker [Corcoran Group],"Ivan Mijalkovic, (718) 422-XXXXClick to view",,Rental building
https://www.leasebreak.com/short-term-rental-details/151031/2112-starling-avenue,"2112 Starling Avenue, 2-G","Parkchester, Bronx","$1,425",1 MONTH MIN,Immediate,"Aug 02, 2019","BEDROOMS:
Studio","BATHROOMS:
1",Unfurnished Only,"['Pet Friendly', 'Elevator']",Short Term Rental,Agent/Broker [Compass],,Rental building,Probably. Please confirm.
https://www.leasebreak.com/short-term-rental-details/148093/1275-lafayette-avenue,"1275 Lafayette Avenue, 1-D","Other Bronx, Bronx","$1,400",12 MONTH MIN,Immediate,"Jul 03, 2020","BEDROOMS:
1","BATHROOMS:
1",Unfurnished Only,"['Pet Friendly', 'Walk-up']",Standard 12 Month Rental,Agent/Broker [Compass],,Rental building,Probably. Please confirm.
https://www.leasebreak.com/short-term-rental-details/155131/2112-starling-avenue,"2112 Starling Avenue, 4-G","Parkchester, Bronx","$1,395",12 MONTH MIN,Immediate,"Jul 03, 2020","BEDROOMS:
Studio","BATHROOMS:
1",Unfurnished Only,"['Pet Friendly', 'Elevator']",Standard 12 Month Rental,Agent/Broker [Compass],,Rental building,Probably. Please confirm.
https://www.leasebreak.com/short-term-rental-details/52929/315-mount-eden-parkway,"315 Mount Eden Parkway, 3","Other Bronx, Bronx","$1,100",1 MONTH MIN,Immediate,"Aug 03, 2019","BEDROOMS:
Just a Room","BATHROOMS:
1 (Shared)",Furnished Only,[],Apartment Share,Agent/Broker [New York Habitat],Townhouse/house,Not Sure,The poster of this listing is charging a brokerage fee.
